501;02800-961;M;25;hkwohwjvz;242.845.059-67;
518;03796-338;F;2;lpxkjdyfm;297.357.246-04;
502;03897-826;M;18;totsvyygt;920.025.485-82;
593;03938-994;F;8;tevqpidys;188.725.498-66;
533;04400-743;F;59;eadoxhiud;566.464.827-95;
578;05158-583;F;25;iyvarcubg;568.319.553-72;
552;07212-886;M;16;gxdopdxcy;231.354.708-18;
531;07978-327;M;20;uifzovvod;880.913.200-85;
538;08795-431;M;41;hsvkyxujp;296.989.727-02;
537;09191-828;M;87;bqjxbhgew;513.246.295-69;
556;09419-733;F;30;dyqzpodtj;695.541.026-71;
569;10220-700;M;81;jmfrdcqnm;806.190.008-85;
558;12423-073;F;93;zbfyefpkn;420.655.824-66;
571;14753-087;F;77;rfwupovub;863.812.873-48;
560;15054-725;M;19;qbtzlditm;237.541.949-96;
543;16926-592;M;89;fvjcyyiin;737.441.317-39;
509;17187-121;F;10;nlolahvjy;929.653.736-66;
596;18414-077;F;94;npxxzhkmf;941.729.464-92;
519;18508-947;F;39;wiroayony;998.698.757-19;
582;19033-844;F;46;fpfznjsfn;882.366.677-77;
599;19955-973;M;38;rgzrttdrl;402.998.801-43;
514;22761-648;M;7;zfhbgnscn;154.832.889-68;
575;22976-726;F;19;nytblpzxr;302.748.745-23;
561;23234-520;F;15;xpqbenskb;528.357.978-67;
512;23301-854;M;74;iexjsobzi;095.609.151-30;
541;23837-618;M;28;rvjlvptqt;578.329.835-08;
513;23967-625;F;61;osyhkdnno;447.905.728-64;
576;24308-578;M;6;dwkmquzqe;676.012.530-98;
577;28274-153;M;89;zxirjyluq;641.078.825-73;
515;28438-197;M;71;pokummxhq;410.692.583-00;
500;29136-904;F;12;mtvgdlptm;507.544.047-39;
579;31279-263;M;56;iuxexlrek;662.879.756-30;
565;32154-287;F;10;ageixoigp;820.871.266-31;
529;32905-390;M;71;ybptvtyzu;183.365.514-54;
586;34935-058;M;17;gputpkzbe;505.145.481-13;
589;35212-187;M;98;djiqqbpgn;568.346.353-66;
506;35387-330;F;34;uofajhedl;368.343.369-63;
580;35739-700;F;60;fqnnodsyi;367.794.663-18;
592;36197-837;F;87;xzzutfidn;671.229.117-01;
554;37256-985;M;8;kmhjzhgfl;686.660.960-82;
535;37832-749;M;43;ygcktnxtq;257.262.178-00;
544;39015-362;M;66;hjthcywlq;412.785.707-50;
555;39754-460;F;85;hbbzfcrpj;647.103.030-85;
524;41129-919;M;27;ctandsneq;274.603.254-26;
597;42272-851;F;71;btacmyqvj;818.898.315-82;
581;43602-598;F;98;gosvgwcnk;461.039.604-66;
584;44678-579;F;79;vwrlckhii;216.996.400-70;
545;44797-258;F;68;raccpmszn;922.207.757-18;
590;47949-956;M;20;qiivngnet;555.491.901-74;
505;48135-686;M;7;jcxsvbqbj;722.645.203-64;
548;48545-064;F;94;anjgzaczu;220.432.286-33;
585;48716-742;F;96;mweuirzas;310.539.259-69;
511;48937-908;M;52;ktersgjgr;645.026.674-49;
540;49060-025;F;76;iyabwpruv;144.580.613-87;
549;52799-320;F;51;femjcbego;639.713.670-30;
504;56005-444;M;95;mdyutqmux;059.113.458-34;
516;56431-606;F;13;wguabkdfa;511.695.437-45;
507;57476-624;M;50;azeydigwg;375.019.505-49;
566;57557-128;F;39;hnttcovhe;621.683.511-72;
530;59120-376;F;4;fdnppmqga;066.711.471-16;
536;60153-537;F;30;oednkerqc;407.878.046-78;
520;60238-715;M;4;nzcghwepx;567.250.652-67;
547;61045-284;M;90;hrffwzadw;966.361.538-44;
564;61587-679;M;2;ptqtteziu;599.967.495-47;
573;62117-145;M;55;cxkdronty;074.114.870-98;
510;62365-979;M;70;mqchbzjhr;618.584.364-47;
559;64514-151;F;88;kkgeyyueu;870.228.629-90;
557;64770-968;M;22;ujtxebqsg;842.246.483-70;
528;67490-025;F;31;hakdzxslz;208.418.080-22;
517;67795-579;F;81;zpermhifg;053.955.612-14;
562;69202-936;M;13;smcszskxz;962.322.984-43;
572;74642-667;F;12;muiuwjtre;575.058.444-58;
532;77176-073;F;16;eyznpupmi;999.215.565-77;
526;77289-791;F;96;irjjkjqqp;406.515.656-75;
574;79223-813;M;67;cfcrqbdma;313.232.060-08;
570;79730-412;F;41;miinygmcj;927.565.681-47;
595;83791-676;M;93;qqwnffwwr;082.342.979-14;
508;84123-443;M;5;gtbtnsync;539.116.945-35;
525;84905-213;F;21;imepkabvv;352.016.724-62;
568;86617-959;F;81;vhfwovzrp;355.052.927-87;
598;87000-304;M;69;xmisgzyvt;003.785.475-84;
551;87249-433;M;41;bwlojutqa;130.864.703-77;
523;88494-087;M;48;akbpacjeh;863.073.311-94;
567;88842-887;M;25;tjiycdddi;417.124.085-04;
522;89030-141;F;56;miuggroah;769.937.189-68;
534;89159-695;F;78;txrrismbl;567.487.772-76;
503;90214-285;M;2;goeahmqfw;055.081.762-35;
550;90903-599;F;52;vxabiyfpz;547.059.879-04;
588;92798-537;M;3;daolgovum;303.959.764-29;
542;93158-986;M;74;yljwldjnq;177.983.607-44;
591;94283-321;F;75;kdyvmcfjt;580.943.044-79;
546;94355-983;F;88;qdlomwqyg;380.366.759-70;
583;94445-936;M;30;sboiacjmf;599.770.541-65;
553;94521-542;F;96;btygmyjnx;037.914.440-38;
594;94862-085;M;18;ltivexkmj;346.957.134-14;
587;95625-686;M;82;pwnyegsyz;631.449.502-21;
521;95701-285;F;47;ticpzkwih;912.146.255-47;
563;96059-782;F;31;xikhyxypl;423.015.180-31;
527;97378-430;M;94;qonmqwmwq;993.756.632-89;
539;97455-124;F;80;jndauerkk;345.617.085-27;
