0;07570-600;F;69;edvnzoswq;768.072.291-46;
1;74880-125;M;15;pjglrlhkm;003.928.512-54;
2;06412-289;M;22;sllnqafaq;748.901.008-65;
3;66040-291;F;66;cvtwjuuuq;588.882.222-03;
4;10150-204;F;65;mrevlwdam;065.390.325-73;
5;90008-730;M;90;cqrqnedzs;813.786.589-83;
6;06351-407;M;68;xhgaagwhy;649.800.318-38;
7;87520-340;F;59;pbhvplaxr;486.270.290-15;
8;55438-807;F;15;behqjmeav;803.816.998-43;
9;34901-390;M;11;gsunzkjum;607.222.516-21;
10;52926-544;F;79;xnjtyfauq;351.182.771-74;
11;43808-315;M;34;agizkqbhg;163.284.344-16;
12;92174-560;M;13;nqgvdqudk;100.028.732-93;
13;72853-419;F;31;odleidoft;032.741.289-96;
14;69754-773;F;33;vwbinpezc;801.697.532-79;
15;54007-923;F;33;tqzvxtdvo;521.689.089-63;
16;02330-623;M;36;mlieojjrh;418.826.832-95;
17;92983-608;M;42;xajyjdiqv;314.781.764-19;
18;31267-208;F;61;pvsaqzyyg;954.426.740-14;
19;14160-075;F;23;fzormhoux;713.724.941-25;
20;30074-291;M;18;trresirzl;177.603.506-96;
21;98139-898;M;62;exqsetxuz;102.098.747-74;
22;22641-628;M;38;kiypszjso;629.993.035-27;
23;61601-283;F;51;shynkxdva;664.534.026-25;
24;16096-547;M;82;wdzhiohqw;099.556.235-16;
25;64436-062;M;41;dcjlzprqu;582.352.648-51;
26;40978-765;F;37;htczzfgac;858.294.782-86;
27;38773-646;F;50;gpgqbadko;756.696.204-39;
28;36097-805;F;48;zoisixflt;359.716.438-44;
29;68543-919;F;91;dtkigvlus;572.719.460-99;
30;18416-728;M;7;eebiyigju;522.949.010-82;
31;98833-277;F;11;shtwemrpf;749.061.776-98;
32;41913-280;M;27;rxhiicbik;239.154.381-15;
33;71069-005;M;96;rykphjtik;698.195.785-25;
34;85203-574;M;90;dmlnlgbpd;288.325.136-76;
35;80143-886;F;81;dgolmlqsm;129.691.138-22;
36;80049-800;F;87;vigehiczg;764.443.690-02;
37;20108-109;F;48;ecfliczbc;162.635.571-69;
38;89494-212;M;80;djrvjftye;743.830.023-69;
39;29677-991;M;78;pelhildjd;179.978.889-78;
40;97526-588;F;76;qyxnrmkki;256.689.537-39;
41;34862-318;F;25;huqojocqf;963.518.287-96;
42;28300-406;M;4;ctqvtmxnf;348.872.980-57;
43;20460-960;M;11;kbartvxlh;346.962.179-59;
44;62583-330;M;97;xgnsgqpcy;081.590.747-24;
45;60951-921;M;24;wwjhxqrrn;059.424.863-29;
46;54019-301;M;57;hitbjwhyu;448.298.197-69;
47;55887-586;F;50;pxslxqpns;908.950.988-23;
48;17509-649;M;90;ikjfcexpr;832.259.067-13;
49;64264-186;M;83;gkqqwkpwa;435.176.322-89;
50;44691-320;F;48;hmcuszovx;465.233.201-82;
51;13293-326;F;98;neyipiyrm;764.884.944-87;
52;75555-900;M;78;fyvhltsqi;465.504.200-05;
53;21650-762;F;67;kwkfbymtj;527.578.614-64;
54;98208-743;F;16;boyindjed;201.502.574-98;
55;75704-008;F;42;lynplwska;583.045.532-94;
56;82144-037;F;59;rfaqtkslp;279.227.791-76;
57;39602-159;F;13;fxwxgyjla;670.194.660-26;
58;76453-086;M;27;tafxhywvs;834.948.044-33;
59;00247-947;M;91;lmftdcdmx;821.280.112-27;
60;68720-391;F;64;rumwqjmxy;560.630.872-98;
61;05330-096;M;46;ediubgbsp;535.406.163-83;
62;59199-053;F;73;kbsjsrwoo;100.891.427-21;
63;88433-756;F;41;nrvnkplpg;030.041.941-14;
64;09434-424;M;11;hsoypaomw;144.411.228-23;
65;89385-783;F;24;rzvsgbegy;059.026.435-32;
66;54151-932;M;25;znxknduge;172.348.890-06;
67;54966-666;M;3;epsqajqjf;235.361.652-55;
68;16013-268;M;19;mflimlgwr;057.074.526-14;
69;97086-816;F;54;cprjbtzum;801.064.460-00;
70;30603-511;F;6;ixzhselux;660.400.665-15;
71;04253-639;M;91;bktyapnel;291.083.866-50;
72;34585-046;M;76;kdagynyob;836.767.293-03;
73;22609-437;F;4;slpgieslv;082.268.189-66;
74;79350-285;F;3;nxebtqjjk;710.717.792-05;
75;15601-161;M;81;uxasdimow;273.046.342-20;
76;77962-229;M;62;cvghbpyar;919.177.584-30;
77;31870-633;M;1;wseuutmuw;270.211.285-55;
78;25132-526;M;14;narfbjlqb;493.467.962-56;
79;25059-664;M;43;ntlvjvtfn;235.113.104-55;
80;86217-911;M;70;jgqsxalet;124.640.843-71;
81;27581-941;M;78;pedbkdlzs;540.214.068-11;
82;08471-187;F;9;ftpyrvecq;923.689.616-04;
83;23677-613;M;35;tbqlpeihr;465.513.906-61;
84;97622-535;F;91;gctninikr;766.769.189-97;
85;62912-330;F;32;omriojskk;766.401.941-26;
86;55984-697;M;55;fwvgcleae;917.227.165-26;
87;55891-770;F;26;jwpwxgito;450.508.083-51;
88;69166-329;F;41;nyipjktxg;145.330.873-33;
89;70572-561;F;80;ssvokadou;894.388.970-14;
90;13878-369;M;30;vjwhueqmc;560.132.265-42;
91;51956-328;F;44;zvljorrmc;852.129.542-21;
92;90929-019;M;49;rythlcima;994.956.392-23;
93;22992-683;F;43;lkirzghtr;874.998.285-92;
94;55311-107;F;15;hjtqmpkae;979.383.971-10;
95;85259-674;F;99;iwaetknpo;594.557.383-14;
96;88298-109;F;39;wuomzqhkk;648.728.306-81;
97;11994-646;F;88;vxbhjjgnq;782.641.690-64;
98;15918-424;F;56;ezlemljmb;737.313.070-32;
99;82338-075;F;26;pzaokzpqh;721.022.686-44;
100;45053-435;F;73;nroofgdvh;139.968.012-47;
101;27311-005;F;16;isfqszhjb;964.549.026-97;
102;17989-039;F;42;lzlbbvplz;148.174.277-70;
103;53988-083;F;21;obgstfrus;635.297.071-97;
104;63145-039;M;39;eidjkaoca;668.708.174-83;
105;47089-962;F;61;chvslwuax;400.438.614-42;
106;02231-955;M;95;npxsobfua;397.219.865-33;
107;48147-660;M;98;vuanfcgle;470.237.717-05;
108;41563-705;F;93;wekscysqg;156.782.026-79;
109;70181-156;M;52;qxaktdxgj;019.981.990-15;
110;52832-904;F;30;prmwuaeot;902.099.727-33;
111;09714-700;M;82;honhozsur;162.258.918-47;
112;28105-401;F;97;uvjysrtfi;348.589.398-82;
113;23249-449;F;46;qplfwnbvb;588.655.807-07;
114;58183-592;F;88;tarzqonqy;087.201.798-71;
115;56304-592;F;86;smdqerrvd;348.538.711-31;
116;12497-811;M;17;xlsgquyoq;488.028.027-07;
117;44754-890;M;33;eanqfkeun;691.980.228-10;
118;80909-646;M;64;rdzajfgce;642.496.902-30;
119;26646-121;M;81;cmzfxrpls;068.947.024-95;
120;60577-148;F;56;tkcuzegdb;254.966.565-49;
121;50274-573;M;83;fzmsmpxxq;389.429.172-61;
122;21573-863;M;83;minzrqkpf;036.407.181-66;
123;66662-944;M;31;ngmkzajig;378.769.136-51;
124;18467-005;M;55;wzgjnozzk;962.042.329-96;
125;54516-546;F;68;aqrffgpjc;935.142.746-79;
126;16908-446;F;98;fzrnsxwlk;500.169.574-94;
127;90706-191;M;52;wqtkiyjrr;551.203.706-57;
128;60540-141;M;76;sufqbbsri;418.936.758-36;
129;53799-814;F;85;wgfzywwlj;445.460.865-87;
130;15274-021;F;10;gnbensrpz;068.500.811-40;
131;92108-808;F;37;hjouhuhec;628.251.053-17;
132;45062-600;M;44;vsgbqpnnn;644.039.622-18;
133;34735-995;F;76;rjuyhmtae;496.534.727-67;
134;87456-931;F;20;lkqojymnh;113.099.536-96;
135;79569-462;F;25;gvslxymrz;162.174.820-32;
136;23653-372;F;32;jkrtroilq;117.697.714-75;
137;17617-863;M;10;uazwmoumy;990.757.147-17;
138;50837-870;F;5;mujnpzxsm;598.197.009-55;
139;53472-956;M;29;drgcfarno;400.114.410-12;
140;24683-712;F;99;jddcbycdi;256.734.152-75;
141;39030-399;M;56;himmjnrus;385.722.534-44;
142;85089-034;M;28;ogwkkiyhg;558.082.943-54;
143;82736-244;F;54;bqyqoplhj;334.347.348-01;
144;99175-352;F;21;mwpgkohyf;657.154.292-44;
145;21177-995;M;5;wuuqirjgv;795.725.044-20;
146;91423-133;M;50;kvprnqwgz;741.162.389-59;
147;76486-657;F;47;ihwbqjzqo;821.211.716-74;
148;28272-470;M;70;blrceojpn;549.833.966-92;
149;29383-602;M;80;oyaqrroxo;794.343.213-45;
150;36245-975;F;6;zylvmmpii;945.101.404-32;
151;54949-518;F;76;tvtieuool;948.464.266-41;
152;09707-856;F;43;hjkljkmxq;175.709.323-57;
153;58605-561;F;58;jvpgpydyj;662.467.074-40;
154;00996-589;F;54;frlwcftmi;179.446.274-92;
155;97035-146;M;40;ltdksawzg;389.764.060-04;
156;84330-501;F;30;sggrjfkjo;342.989.189-29;
157;84710-451;F;91;ikhtmvvbv;888.496.170-59;
158;80192-236;F;12;axogtlexa;618.366.115-34;
159;63145-711;M;29;fysfmxknj;965.098.392-05;
160;80176-402;F;88;subjiznua;784.386.965-99;
161;94200-777;F;7;uzeojijga;271.020.631-11;
162;37186-837;M;42;obvywpxdf;686.564.593-69;
163;83980-118;F;11;ieumhylfc;089.147.256-58;
164;66056-712;F;56;jasiybdta;536.711.776-49;
165;00720-632;F;17;bhuiygucw;895.123.381-17;
166;81843-998;M;49;rmiqansyd;958.202.518-94;
167;34837-658;M;3;pexvuiffc;955.118.575-52;
168;20512-050;M;5;zfrczybnw;732.932.862-10;
169;15141-632;F;59;mpqqlcmki;508.435.488-36;
170;12452-732;F;97;tpibfelzf;487.415.740-44;
171;92563-148;F;54;vbrwkkdnd;949.837.170-39;
172;77628-940;M;53;ihsednlsv;850.774.150-42;
173;17574-096;M;75;xcwbmbpdp;043.828.337-24;
174;42253-351;F;68;kthwpezyn;891.365.959-76;
175;85583-608;F;56;dticdhuxy;430.230.769-67;
176;52075-231;F;61;yaxikrcdi;054.609.929-26;
177;11734-623;M;70;ibfqvekwg;956.042.859-21;
178;27397-586;F;10;ewypiaxfo;946.588.910-63;
179;64482-019;M;44;pzfireifm;854.792.452-17;
180;27487-938;M;72;stbdjorxv;393.589.889-55;
181;05393-689;F;22;obrsijxxm;001.043.419-27;
182;80955-441;F;49;omrycziku;311.589.388-52;
183;45649-600;M;63;kxrxtvvoj;773.817.550-40;
184;80129-072;F;1;vdsxnwaal;364.801.603-66;
185;14543-181;M;37;olzjwmeix;728.701.551-92;
186;58667-122;M;75;dmpofzkof;228.255.378-16;
187;02022-791;F;18;pyjfttbgw;104.860.636-00;
188;49078-235;M;61;hmtplcxhk;815.375.059-09;
189;85735-059;F;68;efzstkmia;028.905.368-59;
190;77846-241;M;5;kekotwveb;645.798.680-13;
191;90968-737;M;20;kmzxovdpk;228.328.162-46;
192;40429-938;M;88;pffiivivz;213.803.046-37;
193;95422-095;M;41;kcwbshtbj;293.752.470-03;
194;46749-506;M;94;msqktnphi;260.560.217-66;
195;70615-343;M;6;oqxhukbwf;623.516.452-58;
196;47317-972;F;10;ixmwsbctv;279.781.438-60;
197;37444-914;M;47;lmthkjvzs;890.872.342-50;
198;59522-575;M;66;agwyysxrk;094.858.046-13;
199;31437-858;F;87;wvvkhetsi;295.556.896-79;
200;69424-360;F;40;yxpkkbdzo;292.184.722-36;
201;74063-550;F;14;wuktxoeut;385.149.948-99;
202;54167-690;M;37;dlogzeuqr;857.054.186-61;
203;19031-602;M;63;kkgtaknpn;988.389.959-00;
204;41473-213;M;42;ggxoymuvd;897.069.366-39;
205;36326-390;M;55;bylvcztdi;248.503.058-40;
206;48138-161;F;3;rhpogubrm;117.272.457-36;
207;80500-151;M;97;vnlcklzzo;708.048.062-43;
208;66923-942;M;57;tufwpsmxy;578.263.744-69;
209;95307-456;M;52;kjzcdpmft;380.617.793-82;
210;59507-710;F;95;peplfziwh;917.534.998-24;
211;58215-859;M;43;iexnzrehu;264.644.501-30;
212;10873-389;M;91;izhtphzbt;953.848.890-48;
213;61033-916;M;33;ikifevwuc;227.852.443-79;
214;60620-062;F;12;anhelaoba;869.037.746-55;
215;97144-511;M;80;ehejrcsji;834.912.146-55;
216;29636-871;F;34;dtvyyohxr;067.908.059-44;
217;53784-527;M;45;rsppyemib;870.872.614-76;
218;40423-869;M;1;kwgsnadrj;578.560.680-36;
219;11141-502;F;71;aswgfvgyc;410.105.948-00;
220;18323-339;M;20;ptlqmcxmi;824.051.021-27;
221;20510-335;F;31;eyorypysw;464.878.851-93;
222;96324-172;F;39;yxcbevtjd;945.904.612-60;
223;78412-468;F;74;izcfqrjai;465.881.296-31;
224;65797-877;F;79;hwvhungti;906.985.575-89;
225;31273-751;M;66;hahntjzvp;937.301.043-24;
226;13502-421;F;41;pvxnxxcmm;417.334.459-78;
227;49310-036;F;65;ohxhotrqs;563.413.847-14;
228;36083-100;F;30;ieyixpbvp;817.997.836-75;
229;56363-607;M;9;iqyrrdlxl;403.362.282-19;
230;75050-413;M;81;dehhutlyu;373.899.270-70;
231;12549-477;F;46;ehtnvdaka;606.819.653-02;
232;40561-531;M;2;jnxlcwfuo;298.812.742-54;
233;33971-094;F;69;qvcxawsxe;108.212.513-97;
234;96063-173;M;30;wuowvawor;132.119.910-28;
235;38344-976;M;53;iqebwofip;092.136.561-72;
236;32286-982;M;13;sjcibdrvh;282.289.371-93;
237;92736-126;M;16;qsqyyyols;265.387.700-26;
238;64714-772;F;17;kawgkvdbe;571.291.911-65;
239;53183-983;F;89;yycnplncz;137.130.597-61;
240;19485-446;M;14;nlkvvyqxy;056.753.544-16;
241;89882-272;M;47;lzoniulsl;787.207.149-36;
242;37336-832;F;85;cwgswesva;062.905.373-31;
243;16493-793;F;38;rzdfcsrpo;229.795.071-21;
244;94030-451;M;93;vauskvaja;117.836.601-83;
245;85440-990;M;17;wjqfjzsrt;143.683.649-13;
246;82566-046;F;7;jgujpnyrs;636.854.822-42;
247;65956-526;M;45;movaulpdf;597.618.358-37;
248;01747-704;F;1;dtikrljyw;248.400.166-57;
249;98328-562;M;96;sktxuyuhc;444.063.380-99;
250;20028-393;M;49;hgupzqlxf;573.395.911-59;
251;92392-840;M;61;ppbjgzlqc;205.066.516-46;
252;43765-170;M;16;vmebsrvhq;377.043.177-90;
253;97124-226;F;89;qgdiqtrri;288.132.366-46;
254;65826-859;F;35;khdswswgl;006.667.881-07;
255;68119-849;M;93;guqaghojd;168.266.365-28;
256;33638-979;M;5;uvypxpuwu;429.397.205-68;
257;86333-965;M;50;icablwzjb;978.918.103-98;
258;32267-239;M;28;ytkplxnsm;080.928.336-51;
259;09016-372;F;9;dmzxolmwa;395.826.816-08;
260;02665-547;F;11;uihihmory;312.966.366-05;
261;66541-928;M;66;mumobqpfu;848.950.332-49;
262;82990-951;M;25;rhuicbhwa;820.245.795-79;
263;31313-203;F;70;ygskwbxhm;600.112.175-21;
264;85470-142;F;78;piwekkasy;262.823.917-33;
265;17730-478;M;9;ypdmceajk;364.866.921-03;
266;23431-885;F;69;bihzjlfzo;307.695.656-90;
267;40838-992;M;23;wmxrbdgqg;570.003.878-29;
268;68576-742;M;18;otrnbsxmh;251.934.446-79;
269;73273-488;F;55;nviijogvo;239.209.874-46;
270;71319-278;F;76;jcdztgaqx;681.885.347-03;
271;00317-091;F;48;twrlrmuvj;633.959.175-77;
272;22161-169;M;50;kddczcmbb;293.456.770-10;
273;48963-238;M;42;prbzrosoe;258.164.452-44;
274;38209-113;F;58;efgaoobry;566.869.316-68;
275;79770-324;M;50;bnsiausdu;033.321.922-02;
276;77512-666;F;88;zplyncwhn;883.064.445-28;
277;32921-340;M;2;zifpbuwnf;457.940.465-46;
278;10353-930;F;90;eogttaori;000.229.960-45;
279;67039-503;F;51;frjwkodoq;051.939.839-28;
280;60606-540;M;56;hfrnsotbu;992.305.469-57;
281;68366-589;F;92;rxknlhjbn;321.274.491-42;
282;40885-963;M;51;jckkjfhqi;775.334.175-75;
283;87570-069;F;99;vgjtsnkvx;891.164.133-28;
284;00797-223;M;34;mhvgwandn;784.794.089-88;
285;54113-414;M;27;ffhjtjipv;968.448.922-12;
286;33907-349;M;20;ymejitwsf;968.920.422-30;
287;80597-082;F;32;tjzqzwxax;921.195.574-36;
288;18849-431;M;93;ulfunamkc;384.794.435-82;
289;18907-269;F;45;mafxtecgd;915.642.137-06;
290;12372-734;M;27;geswlmhfd;159.467.400-32;
291;99083-974;F;34;cunankrhe;048.514.826-18;
292;22163-761;M;64;yhesqbzzl;689.753.523-96;
293;42344-162;M;9;vollnivaa;557.622.087-67;
294;93243-878;M;93;ldkvtzouy;510.520.525-41;
295;70037-589;M;79;tenxrothq;770.210.303-41;
296;80071-734;M;31;qnhifryth;857.535.964-73;
297;01497-129;M;98;dfmthiady;837.346.844-72;
298;35155-773;F;83;qxujaqpsl;907.016.180-45;
299;99150-622;M;71;repqusttb;031.360.359-72;
300;70542-053;M;66;bjxouweeg;072.605.466-76;
301;61861-281;M;41;kvwgxuwuo;680.980.144-00;
302;72130-401;M;78;krxfriflp;062.971.459-02;
303;21542-322;M;89;lldfdrvvt;326.105.848-60;
304;15026-545;M;43;bsmygljuz;729.433.453-75;
305;80488-977;F;6;ilgzfatsa;284.923.897-65;
306;75988-868;F;40;opgoolqgv;885.387.462-00;
307;98998-701;M;26;rmodbngtd;211.826.416-00;
308;16700-120;M;77;qpmummvbe;799.270.720-99;
309;64856-917;M;35;wbtcbtwec;891.575.841-23;
310;66217-583;F;13;wqaojnlae;517.330.914-04;
311;96865-511;M;66;coztzuhmr;081.813.099-55;
312;14589-472;M;5;pslpczxeu;599.059.471-43;
313;49082-026;F;17;bnfvsoerx;741.462.091-75;
314;67218-499;F;94;yatyharjr;712.908.937-92;
315;41828-748;M;47;nynyvrcra;564.563.987-41;
316;41148-582;M;90;qdbgqaeyn;287.145.323-06;
317;06250-883;F;95;rqinknfuy;353.897.394-04;
318;07173-516;M;69;jowcxzylu;578.393.778-76;
319;51545-453;F;91;fqzljmmrs;463.369.349-21;
320;15963-906;M;10;pjpwlkpya;745.499.631-81;
321;35436-292;F;86;mivfghfxu;777.003.994-41;
322;62095-589;M;80;etgzxmwsm;408.376.923-33;
323;21330-464;M;9;dnowwiogt;824.773.694-65;
324;73274-402;M;66;emhyujdty;495.704.140-98;
325;49910-974;F;43;auhzpjokx;916.685.242-94;
326;11761-303;M;96;rsaiyygwb;043.741.387-34;
327;69375-673;M;16;bocrcjiaq;606.680.704-21;
328;09036-639;M;42;ghfucuvmv;457.097.242-21;
329;91052-453;M;88;rocqljajl;953.479.804-49;
330;77796-012;F;82;xjacfjvxl;096.819.332-24;
331;85351-075;F;95;rpimarcex;592.433.689-93;
332;53750-699;F;67;cwsppavso;851.283.723-92;
333;79635-441;M;11;hspocoqvw;809.158.874-51;
334;81289-260;F;94;pveomophu;664.315.149-13;
335;06083-168;M;26;cojkquyua;681.034.138-15;
336;51959-131;M;77;btrhiwspr;804.808.354-16;
337;16652-012;M;88;ityrqcezb;539.568.961-71;
338;87658-628;M;51;qlarghqie;490.289.916-41;
339;29112-611;M;31;nlnhhelnn;103.559.916-47;
340;33640-597;F;96;uvcpkcyxj;117.870.638-11;
341;61468-742;M;83;thkdohsju;934.423.974-23;
342;69344-441;M;58;vgmlmqprm;884.711.173-73;
343;69256-873;M;31;qoocwftcp;585.466.895-19;
344;04851-669;M;43;bingfrfqc;260.381.601-82;
345;73181-323;F;32;vbzqxpdkk;684.685.994-73;
346;06046-045;M;74;zqswpnoxu;902.812.714-80;
347;44477-530;F;10;ozoywgthg;142.197.509-52;
348;95833-100;M;74;edxevzaqo;431.169.225-99;
349;56932-125;F;17;opmnllhie;545.206.194-15;
350;52808-421;F;60;hrpvzeocx;942.950.407-89;
351;82184-824;F;18;sqwemlutd;280.057.272-48;
352;02867-532;M;94;njaxptxut;053.374.883-38;
353;68191-864;F;89;rybfbdxik;243.344.871-00;
354;69752-279;M;48;kdtiakqzw;912.639.290-89;
355;59610-921;F;73;hduahktrm;378.737.736-46;
356;99307-308;M;4;fwgvcbawx;071.076.851-76;
357;67186-925;M;94;dxvddedhe;950.190.914-47;
358;51957-024;M;7;ikskljanj;717.579.768-64;
359;98324-416;F;39;vpobgxgxt;030.106.417-53;
360;93610-796;F;58;duranqpwt;025.435.188-65;
361;04906-660;M;5;qsdwtaxlv;380.429.437-72;
362;78388-043;M;8;npoxtwliv;149.714.112-49;
363;39365-598;F;85;qebaeoysx;817.587.167-72;
364;54346-737;M;74;poehlcrpf;074.006.175-77;
365;94638-733;F;67;kmsqbbcha;255.741.425-98;
366;15071-932;F;17;kpxbtscje;334.355.160-00;
367;77196-134;M;63;fkftypskn;015.852.867-56;
368;82483-951;F;91;zpujpmunp;670.163.716-18;
369;34922-047;M;18;ggdmtzxsb;215.040.732-67;
370;06269-947;F;53;hhahfyxxo;615.200.928-57;
371;74190-663;M;51;skasrbaky;638.887.780-49;
372;38601-059;F;69;zafdnpvsc;388.715.356-33;
373;91440-047;M;28;ucwvxkase;150.433.492-05;
374;16432-612;F;95;umswujhbz;664.925.782-99;
375;26554-130;F;50;uuwcemctn;793.307.067-44;
376;95502-833;M;8;uolxaqmpx;469.361.561-86;
377;78144-764;M;79;yfswmcjuq;585.470.884-48;
378;18544-421;F;38;opgipaobb;057.810.735-55;
379;08400-307;F;36;piiwcyejj;405.865.781-35;
380;61618-220;F;94;zpmpmxzpf;681.902.872-40;
381;23881-052;M;74;axeyizlgr;811.590.493-73;
382;62072-221;M;17;kseqgvaax;561.107.391-01;
383;71678-104;M;1;qunqutozd;417.207.715-20;
384;63967-653;F;20;zmfkfljpz;930.289.099-17;
385;26976-923;M;43;pmgahgukk;361.665.491-25;
386;97204-827;M;54;bcdqmmkkh;675.513.288-38;
387;87278-086;M;32;wvyhlmmwb;538.878.176-12;
388;04524-586;M;20;isgvlhopk;713.624.604-51;
389;35274-006;F;99;oksyvtgll;124.153.661-58;
390;05463-726;F;2;dbthaszvw;184.787.093-18;
391;76338-824;M;27;iopbftdcy;338.784.206-32;
392;29528-498;M;43;hcgqdffij;914.952.047-32;
393;90062-666;M;51;nkbwkbizo;200.229.389-70;
394;71560-497;F;73;rngsxwjvj;158.979.403-26;
395;20716-452;F;22;zxejwprha;787.436.770-90;
396;18190-999;F;40;nomyiomka;757.167.024-00;
397;63170-099;F;74;ypudmgihm;171.893.453-21;
398;49927-875;F;10;awvujtjto;141.578.374-74;
399;86322-096;F;96;mvzehhgjt;049.527.157-66;
400;39308-652;M;23;reqdlzksu;140.358.163-75;
401;75008-167;M;95;eaemnomch;716.572.526-61;
402;42467-404;F;93;noghthsst;906.731.117-26;
403;03503-636;F;86;ogxrjciif;901.931.173-87;
404;31992-466;F;48;hvedfelmc;153.506.408-34;
405;36562-955;F;61;shpbgxhpf;798.071.920-79;
406;69701-119;F;25;vuhrzegor;902.458.478-91;
407;71782-038;F;95;osuodyadg;923.234.295-35;
408;29134-904;M;23;dhllcsutq;152.149.338-84;
409;86443-444;F;72;cavowdklh;050.131.431-57;
410;81404-777;M;32;arukavmzw;317.394.101-25;
411;20372-940;M;14;sunfgvvkx;386.364.640-46;
412;17846-281;M;30;ebyhghmez;337.715.702-31;
413;64581-859;F;13;ioemtztiy;849.023.577-28;
414;49869-761;F;53;qnmkzbiow;414.138.698-10;
415;24808-324;F;66;mmuvsuhrt;325.764.833-57;
416;09527-756;M;27;wxiwakwuh;153.928.801-57;
417;80325-637;M;11;rvjqacrob;162.080.857-18;
418;66526-593;M;33;tlelrqffp;232.970.264-21;
419;90327-293;F;54;awyuuuwpv;492.641.489-39;
420;19686-221;F;64;rvtlorjzn;377.607.570-45;
421;57496-246;M;5;mkltflaiu;453.766.803-18;
422;85173-718;M;15;ywejkeeap;865.416.631-07;
423;89290-744;F;68;ugphvctlr;289.022.387-55;
424;18222-283;M;18;cfbvxidmg;079.189.750-65;
425;04370-598;F;3;zkvrmyxru;237.031.509-19;
426;20960-884;M;21;pezbplvyj;698.101.359-08;
427;03316-299;F;73;kcnvrencr;722.128.467-55;
428;79757-369;M;56;dnnfhkxos;383.441.990-13;
429;16124-564;F;57;omwhzmgsj;833.283.939-23;
430;59307-782;M;52;mlgfxuqse;090.601.237-46;
431;06640-802;M;9;pwjsldkgc;279.633.388-42;
432;14799-296;F;58;ndeujlrqi;728.985.919-91;
433;10043-191;F;95;qdcaoahxf;623.031.192-96;
434;38264-550;M;55;lvxevnjty;544.442.692-73;
435;68093-130;F;48;chxqseqfn;926.421.787-96;
436;77648-079;F;65;uuprkmqrj;364.182.930-56;
437;88815-018;F;83;mcgghacfv;821.709.463-23;
438;08529-196;M;24;vczmzzyxn;448.300.168-65;
439;60733-609;F;99;vrnyhilau;742.043.442-01;
440;65153-914;M;45;buvoesfoe;868.739.137-28;
441;66716-330;F;95;qmmacoiga;757.728.276-32;
442;68871-135;M;48;bmimqcfqv;489.403.374-15;
443;79986-467;F;66;guxsizfos;089.128.795-38;
444;31170-734;M;72;icwjkecbn;726.447.301-58;
445;89979-989;M;35;ugunistbl;028.130.931-15;
446;32450-829;F;24;mvhdbtxqz;098.834.252-41;
447;48694-980;F;78;mortjnjnr;738.284.332-28;
448;78504-142;F;82;nxsgqvwwe;701.651.737-26;
449;60572-058;F;26;erbbwoswd;203.075.329-46;
450;58512-917;M;78;vvdltmegs;498.239.976-11;
451;53777-167;F;68;odbvfizdj;522.348.465-94;
452;43737-226;M;38;gghygngim;793.547.501-36;
453;15800-550;F;65;vaqzdzhho;702.474.437-99;
454;22545-630;M;81;whqkpboba;583.052.496-29;
455;92448-640;M;62;goxagbhlq;016.647.249-32;
456;52236-585;F;14;pzfwmrcnr;710.350.900-87;
457;47479-921;F;3;pdiyldomt;186.060.445-60;
458;47059-979;M;56;likpudwgc;346.868.473-74;
459;23169-211;M;92;twpzthtoq;396.855.785-36;
460;54017-386;M;3;jrqkufdmj;926.060.196-55;
461;02013-788;F;95;hyrpftsfg;638.635.915-29;
462;81225-192;M;86;zwputdkjx;129.012.588-67;
463;11698-614;F;68;wfymftboq;151.958.983-53;
464;99307-751;M;75;oqmchfsvh;858.429.747-60;
465;09867-102;F;61;ddvuvcqod;860.668.396-53;
466;51778-020;M;4;nmchlwbra;568.371.427-25;
467;08520-334;M;56;votfwskuk;850.036.738-92;
468;56129-463;F;77;sjuqoraty;101.759.070-00;
469;03654-550;F;3;dkpnzwikm;089.275.959-00;
470;09369-645;M;96;nokhzarvf;142.117.809-55;
471;82574-990;M;53;dfugtgxij;892.475.467-94;
472;42178-040;F;14;guzczfksd;476.588.961-81;
473;11708-230;F;2;xuuppobcx;327.490.427-21;
474;68667-775;F;73;fpvvcylic;213.346.146-51;
475;47810-677;M;49;kpogktzow;660.154.485-63;
476;18184-263;M;76;qkgzjafwt;190.737.437-99;
477;69702-482;M;97;ktfmnoltm;500.322.486-47;
478;48478-362;M;71;bdznkjecq;667.698.780-27;
479;30576-383;M;32;mqnqlbdoe;402.183.950-38;
480;86329-918;F;16;gwpipgidl;937.093.478-97;
481;78896-271;M;88;ouzcsntcq;882.307.711-88;
482;86312-617;F;86;sxqcbezev;977.367.045-34;
483;50663-199;F;61;rnhxuhbbm;271.093.938-19;
484;40086-901;M;39;kmbnojgqx;773.214.515-55;
485;14964-821;M;38;xxjbqltjb;004.540.254-31;
486;45615-288;F;84;oeyhekpxb;730.783.197-45;
487;65749-945;F;16;buzzylrfi;313.561.234-45;
488;73237-619;F;14;tcskdtxqo;560.703.272-49;
489;44496-433;F;59;jdkybqoir;235.966.788-70;
490;71697-863;M;5;suoonudxx;525.871.931-71;
491;82044-032;M;14;pixpraaar;631.068.091-67;
492;68244-548;F;93;uyiduvnih;677.493.970-66;
493;45468-622;F;22;hpwzfhugx;533.626.710-99;
494;63735-208;M;65;xohhjebzl;693.733.501-38;
495;94065-782;F;22;zqcrfshrq;565.849.768-12;
496;73472-006;F;97;tmmasaiee;133.671.639-83;
497;93281-130;M;96;zmgxpvebx;206.622.745-50;
498;23845-142;M;30;uvpnvsnjt;165.342.663-47;
499;09536-757;M;38;nnjimzjtg;482.522.520-17;
500;29136-904;F;12;mtvgdlptm;507.544.047-39;
501;02800-961;M;25;hkwohwjvz;242.845.059-67;
502;03897-826;M;18;totsvyygt;920.025.485-82;
503;90214-285;M;2;goeahmqfw;055.081.762-35;
504;56005-444;M;95;mdyutqmux;059.113.458-34;
505;48135-686;M;7;jcxsvbqbj;722.645.203-64;
506;35387-330;F;34;uofajhedl;368.343.369-63;
507;57476-624;M;50;azeydigwg;375.019.505-49;
508;84123-443;M;5;gtbtnsync;539.116.945-35;
509;17187-121;F;10;nlolahvjy;929.653.736-66;
510;62365-979;M;70;mqchbzjhr;618.584.364-47;
511;48937-908;M;52;ktersgjgr;645.026.674-49;
512;23301-854;M;74;iexjsobzi;095.609.151-30;
513;23967-625;F;61;osyhkdnno;447.905.728-64;
514;22761-648;M;7;zfhbgnscn;154.832.889-68;
515;28438-197;M;71;pokummxhq;410.692.583-00;
516;56431-606;F;13;wguabkdfa;511.695.437-45;
517;67795-579;F;81;zpermhifg;053.955.612-14;
518;03796-338;F;2;lpxkjdyfm;297.357.246-04;
519;18508-947;F;39;wiroayony;998.698.757-19;
520;60238-715;M;4;nzcghwepx;567.250.652-67;
521;95701-285;F;47;ticpzkwih;912.146.255-47;
522;89030-141;F;56;miuggroah;769.937.189-68;
523;88494-087;M;48;akbpacjeh;863.073.311-94;
524;41129-919;M;27;ctandsneq;274.603.254-26;
525;84905-213;F;21;imepkabvv;352.016.724-62;
526;77289-791;F;96;irjjkjqqp;406.515.656-75;
527;97378-430;M;94;qonmqwmwq;993.756.632-89;
528;67490-025;F;31;hakdzxslz;208.418.080-22;
529;32905-390;M;71;ybptvtyzu;183.365.514-54;
530;59120-376;F;4;fdnppmqga;066.711.471-16;
531;07978-327;M;20;uifzovvod;880.913.200-85;
532;77176-073;F;16;eyznpupmi;999.215.565-77;
533;04400-743;F;59;eadoxhiud;566.464.827-95;
534;89159-695;F;78;txrrismbl;567.487.772-76;
535;37832-749;M;43;ygcktnxtq;257.262.178-00;
536;60153-537;F;30;oednkerqc;407.878.046-78;
537;09191-828;M;87;bqjxbhgew;513.246.295-69;
538;08795-431;M;41;hsvkyxujp;296.989.727-02;
539;97455-124;F;80;jndauerkk;345.617.085-27;
540;49060-025;F;76;iyabwpruv;144.580.613-87;
541;23837-618;M;28;rvjlvptqt;578.329.835-08;
542;93158-986;M;74;yljwldjnq;177.983.607-44;
543;16926-592;M;89;fvjcyyiin;737.441.317-39;
544;39015-362;M;66;hjthcywlq;412.785.707-50;
545;44797-258;F;68;raccpmszn;922.207.757-18;
546;94355-983;F;88;qdlomwqyg;380.366.759-70;
547;61045-284;M;90;hrffwzadw;966.361.538-44;
548;48545-064;F;94;anjgzaczu;220.432.286-33;
549;52799-320;F;51;femjcbego;639.713.670-30;
550;90903-599;F;52;vxabiyfpz;547.059.879-04;
551;87249-433;M;41;bwlojutqa;130.864.703-77;
552;07212-886;M;16;gxdopdxcy;231.354.708-18;
553;94521-542;F;96;btygmyjnx;037.914.440-38;
554;37256-985;M;8;kmhjzhgfl;686.660.960-82;
555;39754-460;F;85;hbbzfcrpj;647.103.030-85;
556;09419-733;F;30;dyqzpodtj;695.541.026-71;
557;64770-968;M;22;ujtxebqsg;842.246.483-70;
558;12423-073;F;93;zbfyefpkn;420.655.824-66;
559;64514-151;F;88;kkgeyyueu;870.228.629-90;
560;15054-725;M;19;qbtzlditm;237.541.949-96;
561;23234-520;F;15;xpqbenskb;528.357.978-67;
562;69202-936;M;13;smcszskxz;962.322.984-43;
563;96059-782;F;31;xikhyxypl;423.015.180-31;
564;61587-679;M;2;ptqtteziu;599.967.495-47;
565;32154-287;F;10;ageixoigp;820.871.266-31;
566;57557-128;F;39;hnttcovhe;621.683.511-72;
567;88842-887;M;25;tjiycdddi;417.124.085-04;
568;86617-959;F;81;vhfwovzrp;355.052.927-87;
569;10220-700;M;81;jmfrdcqnm;806.190.008-85;
570;79730-412;F;41;miinygmcj;927.565.681-47;
571;14753-087;F;77;rfwupovub;863.812.873-48;
572;74642-667;F;12;muiuwjtre;575.058.444-58;
573;62117-145;M;55;cxkdronty;074.114.870-98;
574;79223-813;M;67;cfcrqbdma;313.232.060-08;
575;22976-726;F;19;nytblpzxr;302.748.745-23;
576;24308-578;M;6;dwkmquzqe;676.012.530-98;
577;28274-153;M;89;zxirjyluq;641.078.825-73;
578;05158-583;F;25;iyvarcubg;568.319.553-72;
579;31279-263;M;56;iuxexlrek;662.879.756-30;
580;35739-700;F;60;fqnnodsyi;367.794.663-18;
581;43602-598;F;98;gosvgwcnk;461.039.604-66;
582;19033-844;F;46;fpfznjsfn;882.366.677-77;
583;94445-936;M;30;sboiacjmf;599.770.541-65;
584;44678-579;F;79;vwrlckhii;216.996.400-70;
585;48716-742;F;96;mweuirzas;310.539.259-69;
586;34935-058;M;17;gputpkzbe;505.145.481-13;
587;95625-686;M;82;pwnyegsyz;631.449.502-21;
588;92798-537;M;3;daolgovum;303.959.764-29;
589;35212-187;M;98;djiqqbpgn;568.346.353-66;
590;47949-956;M;20;qiivngnet;555.491.901-74;
591;94283-321;F;75;kdyvmcfjt;580.943.044-79;
592;36197-837;F;87;xzzutfidn;671.229.117-01;
593;03938-994;F;8;tevqpidys;188.725.498-66;
594;94862-085;M;18;ltivexkmj;346.957.134-14;
595;83791-676;M;93;qqwnffwwr;082.342.979-14;
596;18414-077;F;94;npxxzhkmf;941.729.464-92;
597;42272-851;F;71;btacmyqvj;818.898.315-82;
598;87000-304;M;69;xmisgzyvt;003.785.475-84;
599;19955-973;M;38;rgzrttdrl;402.998.801-43;
600;39880-860;M;78;ghnnzharv;264.014.149-98;
601;90896-062;F;77;vxinbmhgw;004.801.859-57;
602;28199-301;F;62;vkjsnrany;701.110.854-62;
603;78053-074;F;96;bvytvyhzz;043.243.002-57;
604;66129-843;F;79;sajpyclxo;415.584.221-81;
605;32313-745;M;34;uribxcttb;881.204.734-14;
606;73040-645;M;4;cldqnitri;284.579.125-55;
607;77073-033;M;34;izisxtjhn;942.565.632-71;
608;00371-272;F;63;pcwbbsvgv;019.474.618-81;
609;03021-382;M;61;urhyyrfvb;076.564.903-44;
610;04961-744;M;1;pslitovna;567.114.731-63;
611;12892-068;M;53;jwdrmrjgl;563.318.097-01;
612;55803-550;F;71;taqdbyivy;929.761.230-00;
613;66054-630;F;65;yamqprqpe;288.727.943-51;
614;23111-156;F;26;mlouoqfgk;769.180.110-87;
615;78872-918;F;7;eaipemajv;658.842.608-62;
616;81461-623;F;64;vocinfnki;597.722.248-24;
617;58506-456;M;89;ocvphkyxv;233.781.593-35;
618;10482-492;M;42;wxnoxazpi;628.546.055-87;
619;65264-719;F;69;wmvqcslyc;798.733.418-86;
620;76886-888;M;71;budxpdglj;689.851.893-74;
621;70251-414;M;63;vhithvbke;619.293.244-25;
622;66034-718;F;35;ftbziztuq;558.175.465-53;
623;19733-293;M;94;zrbrkarbm;541.334.926-63;
624;61503-093;F;88;ymdqyxrtc;522.038.302-42;
625;10575-028;M;88;zoosalyqi;026.521.697-46;
626;18311-411;F;92;crtfjnsds;300.873.082-46;
627;88765-253;F;26;pptwmqxfe;895.339.458-95;
628;05726-890;M;79;athdjiukl;433.753.664-15;
629;58259-752;F;31;bkbouxxps;792.936.230-43;
630;20754-912;F;99;ecixfrfsx;105.175.021-78;
631;00761-158;F;19;wtucryioe;474.793.526-05;
632;14939-961;F;68;pbaxsypzb;328.323.077-62;
633;42177-948;F;18;utpwufnks;963.285.534-32;
634;95824-010;M;59;kvhmudpoc;096.924.837-18;
635;37439-728;F;13;cmjhhnxpu;990.054.831-00;
636;41520-315;M;47;yklnmdkov;861.525.986-31;
637;69127-909;M;48;vqoielvac;727.372.685-63;
638;73763-011;F;61;ydmrxdvzn;769.409.365-15;
639;28364-302;M;45;scjezkoal;363.806.755-40;
640;39119-945;M;13;hlsgcmvxu;291.607.422-40;
641;33941-891;F;68;kcqmlchiu;017.681.447-47;
642;26787-729;F;42;agbovdpqj;736.367.650-57;
643;15771-134;M;5;dcgslyxkw;704.933.658-30;
644;70015-160;F;22;iikufwckl;495.668.626-33;
645;03022-851;F;80;fsxinzksr;203.136.970-59;
646;36595-859;F;20;fhwkvskhq;110.188.136-33;
647;53850-282;F;65;vngpphbcu;790.937.056-03;
648;56467-008;M;28;vijpnuiue;325.009.814-82;
649;49216-336;M;67;aeclytzfv;765.685.691-08;
650;28800-578;F;94;mjrycluqw;578.907.685-13;
651;64192-772;M;38;izkiabffh;136.920.077-05;
652;10154-614;F;28;tomytbvwx;502.902.268-89;
653;09946-792;M;69;ydikurntj;070.058.498-91;
654;09435-411;F;45;cfgeqwgtn;765.495.747-81;
655;25448-302;F;53;ileqgvpov;810.444.614-35;
656;92551-888;M;51;svpfwbkqp;740.498.110-72;
657;74672-824;F;41;kzjodogan;895.477.312-27;
658;99466-911;M;74;zsezdznnk;771.257.466-70;
659;44038-205;M;33;kamsuivft;244.634.254-65;
660;07387-864;M;45;lbrhaqbou;516.327.173-57;
661;66765-915;M;61;cndwmnliv;282.782.120-19;
662;12547-497;M;64;vvvugpvsr;197.231.428-82;
663;48658-074;M;42;iwjbvucza;064.609.183-97;
664;81849-457;F;58;vrakivqcm;569.303.971-56;
665;30835-409;F;94;bdbezawxr;106.527.575-90;
666;57541-617;F;59;kdvxkkldh;413.470.460-55;
667;25471-493;M;13;qyuzzqcpj;664.142.504-16;
668;67050-487;M;22;xnkfednfl;235.909.308-03;
669;60279-808;M;17;jfsueqdqd;766.406.714-17;
670;06198-542;F;84;qcxgbzmdb;414.618.099-21;
671;42358-178;M;77;pczkhmdxq;460.300.174-60;
672;90934-550;M;74;zdpfydbvt;633.062.066-91;
673;60168-445;F;46;xbkpoizal;649.704.357-49;
674;09738-847;F;59;nebejcbps;588.596.186-93;
675;77302-136;M;73;zsnjxqpxx;359.072.073-72;
676;20070-450;M;84;ekqagulzh;960.320.985-90;
677;61246-319;M;58;neulyeeqc;921.787.969-24;
678;45157-749;M;84;rcqtmebwc;039.903.301-17;
679;19687-163;M;85;tukurjubf;889.752.814-07;
680;47394-098;M;64;ogmxvzvub;049.755.417-45;
681;77969-378;M;68;ovoolusvm;427.347.768-48;
682;68309-255;F;82;zqfksatmd;009.242.964-95;
683;52237-358;F;46;ipygtsaji;998.370.248-42;
684;27697-676;F;84;aaedujmps;903.480.890-95;
685;14292-798;M;1;wrzvuyxgs;501.032.888-90;
686;03961-190;F;45;ffxiuhfpu;657.452.541-06;
687;39521-901;F;17;mucrqitvg;345.319.382-36;
688;05074-559;M;27;hnwbgstae;184.781.486-78;
689;49150-665;F;96;zggqdjsyz;993.675.229-65;
690;67018-993;F;10;kagmmsujd;047.062.177-21;
691;79639-433;M;9;baaiffdcl;605.583.514-48;
692;78486-313;F;37;xyqifvxml;432.147.936-49;
693;86952-413;M;18;gnaonbhhm;816.907.972-39;
694;33783-478;F;54;deukmuuun;134.758.990-95;
695;93241-690;F;18;tcnvbqtbq;212.865.389-56;
696;15937-896;M;65;bitcaqpbm;591.801.555-77;
697;44603-949;M;44;tshsshdqx;928.628.930-74;
698;11397-261;M;15;eqyhmtoxb;857.496.911-77;
699;31428-326;F;96;kisgdgyly;790.062.008-63;
700;75029-564;M;4;rvmtfznrt;052.601.163-22;
701;87326-302;M;90;ihsxfzbfc;813.746.049-41;
702;68086-353;F;32;mnzqowyce;989.770.587-36;
703;72481-875;F;66;kyafslgvv;120.463.669-07;
704;67849-402;F;66;thecesyeg;710.167.767-05;
705;75578-550;F;72;suzeispau;407.661.393-57;
706;27424-325;M;96;msgtnctrg;538.282.526-66;
707;26852-148;F;58;pfnskqofw;312.030.130-04;
708;55357-117;F;61;gdvvhqzxx;753.903.318-28;
709;09292-990;M;96;uouhwzdoo;238.911.489-08;
710;68467-553;M;51;hyovqjhwt;363.583.627-14;
711;83438-147;M;33;qukdvfsvc;339.729.505-61;
712;49302-938;M;51;gwktnider;392.704.500-67;
713;61246-140;F;76;jafodippq;751.550.271-94;
714;06493-800;F;61;aeqiaized;849.469.311-80;
715;04817-288;F;9;ywoqmopxc;312.551.361-86;
716;67122-063;F;14;debmvindj;296.205.799-79;
717;01337-418;M;75;csolinyna;165.432.780-46;
718;83105-612;F;70;kvcatptii;304.092.532-80;
719;66329-255;F;15;tkdmdksmr;777.447.211-88;
720;98735-244;M;35;jodfxaqvs;358.487.411-27;
721;33984-009;M;32;iltojyutx;868.320.530-79;
722;91997-737;M;2;smmtewerz;477.570.589-04;
723;51367-951;M;30;yefyfmesj;148.735.403-07;
724;97605-427;F;98;hpnupwlrp;548.911.190-40;
725;23260-815;M;37;ljjoxjrfv;106.933.858-15;
726;19625-920;F;56;xtwtdmkks;167.298.146-93;
727;84386-114;F;91;czdxqeyuk;691.849.493-00;
728;99450-376;M;61;aieybrmzx;623.995.280-06;
729;94051-427;F;45;wdjpckvky;521.173.253-71;
730;10316-425;M;42;ojimyflnd;015.508.369-36;
731;27500-434;M;70;wksnolmxm;997.995.788-11;
732;06407-682;F;27;qsavnuwme;900.181.906-61;
733;27799-618;F;51;yobvenjth;775.651.489-28;
734;37294-205;M;26;eikpvcgnd;357.994.089-79;
735;00388-952;M;54;vgofnrxyz;168.702.006-63;
736;78557-049;M;47;hzutdkcls;784.732.523-26;
737;13505-552;M;67;mnrtugytt;790.042.623-66;
738;77471-232;M;78;dvjgierwe;475.264.921-24;
739;77003-426;F;88;uwzrftywx;764.013.836-83;
740;98763-031;M;24;oozyksbyv;920.571.448-93;
741;90112-561;M;69;zkrcezffx;963.547.272-69;
742;53434-059;F;77;szkotdpdu;253.253.675-43;
743;84532-507;M;55;fsywmtqof;555.013.668-21;
744;47859-345;F;92;qmougvfic;857.633.003-90;
745;32027-728;F;16;zoxjllhes;374.540.423-62;
746;05199-810;M;73;izqkeaubr;183.602.856-18;
747;40340-571;M;98;wicplhueh;998.770.071-54;
748;08797-965;M;98;tlvakjfft;574.864.080-26;
749;50267-890;M;37;xsvvxghpa;070.793.750-85;
750;12005-992;M;40;qrozivtzo;560.060.799-13;
751;57191-374;F;28;rxirtrzvy;502.422.649-98;
752;40155-974;M;11;edgladlch;137.210.362-60;
753;91205-075;M;61;sieaziwzx;510.883.818-96;
754;76495-903;M;56;qsqaaonmq;720.144.008-28;
755;82408-155;F;55;fcrutaiod;579.206.526-08;
756;21112-738;F;19;rpzhmubqr;821.967.067-17;
757;54583-698;F;34;azdckjzgd;835.780.656-38;
758;35400-166;F;6;xeblxaggh;540.235.916-46;
759;20659-539;M;36;kmufehvbg;953.903.477-34;
760;68771-036;M;23;dztmstjpf;746.590.890-17;
761;21421-504;M;17;gtkudidsj;151.867.765-88;
762;08746-424;M;75;xxiivjvds;299.378.756-56;
763;76357-355;F;46;vbrfqwxgr;767.323.690-42;
764;11031-825;M;11;xhbjzxjbk;572.772.127-66;
765;66970-743;F;6;scyebmntl;094.344.097-84;
766;09311-708;M;94;cxbrajzjj;705.975.449-11;
767;53983-774;F;88;orxwwvfjy;581.016.021-22;
768;02278-478;M;66;awbgelvfw;949.124.735-33;
769;00029-798;F;90;pwmjvbkzu;416.567.883-64;
770;71873-816;M;55;nfxoutbha;188.880.624-40;
771;51102-304;M;24;ejldkhbpt;467.855.389-45;
772;47194-839;M;67;erimykpxx;499.230.985-61;
773;91887-448;F;30;ayovjdeuk;596.017.980-83;
774;10537-963;F;88;agoatzksa;011.858.379-33;
775;37840-511;F;77;dnsmoodqq;281.808.975-74;
776;60260-746;F;71;iutnidnae;669.922.856-49;
777;15178-005;F;48;cpmgibyao;605.718.705-84;
778;38000-028;M;4;wvwcowtgo;839.903.223-44;
779;36888-515;M;40;azgfsxrlz;919.516.413-75;
780;57874-453;F;81;klvemenmy;419.592.108-97;
781;14758-893;F;55;chomziwxz;488.811.075-13;
782;98156-480;F;3;bxjogbnzt;946.714.159-60;
783;29526-120;M;93;ngqmxwgry;841.569.510-20;
784;49421-939;F;54;xweajkrqg;812.001.697-86;
785;95522-515;M;37;muatywpqr;649.883.355-24;
786;45134-260;M;31;nuphyttfq;391.026.687-31;
787;87383-564;M;18;wbmzovkuy;042.548.113-06;
788;65203-945;M;82;jftzawwtp;610.842.375-86;
789;18201-036;F;93;lsqsdqddi;437.425.224-76;
790;93882-571;M;32;yblyyupnm;787.636.373-62;
791;40385-699;M;54;lqsxgfhpj;489.917.124-45;
792;14380-956;F;73;tuzgthgot;449.325.742-97;
793;51293-127;F;13;zvndiyhzl;474.644.998-15;
794;92989-728;F;10;qooigkiyq;534.465.697-71;
795;97537-557;F;36;fxzowgsxn;357.703.756-75;
796;75145-899;M;5;jndvntvnr;982.434.124-68;
797;88310-711;F;85;xvrestpde;302.933.463-88;
798;10084-626;M;22;ocnwpsagt;545.261.731-40;
799;30403-185;M;17;aoxjmnlkh;915.686.410-33;
